Description,Scientific Name,Max Score,Total Score,Query Cover,E value,Per. ident,Acc. Len,Accession  
"Klebsiella pneumoniae partial 16S rRNA gene, strain K-16",Klebsiella pneumoniae,137,1063,19%,1e-26,92.86,933,"=HYPERLINK(""https://www.ncbi.nlm.nih.gov/nucleotide/LT599798.1?report=genbank&log$=nucltop&blast_rank=1&RID=4BKH42YG013"",""LT599798.1"")"
"Vibrio lentus strain MBM1 16S ribosomal RNA gene, partial sequence",Vibrio lentus,137,1817,34%,1e-26,90.38,1347,"=HYPERLINK(""https://www.ncbi.nlm.nih.gov/nucleotide/KF698722.1?report=genbank&log$=nucltop&blast_rank=2&RID=4BKH42YG013"",""KF698722.1"")"
"Klebsiella pneumoniae partial 16S rRNA gene, strain K-18",Klebsiella pneumoniae,128,779,14%,7e-24,90.91,771,"=HYPERLINK(""https://www.ncbi.nlm.nih.gov/nucleotide/LT599801.1?report=genbank&log$=nucltop&blast_rank=3&RID=4BKH42YG013"",""LT599801.1"")"
Escherichia coli strain BR43-DEC chromosome,Escherichia coli,126,4817,52%,2e-23,82.47,5122458,"=HYPERLINK(""https://www.ncbi.nlm.nih.gov/nucleotide/CP035377.1?report=genbank&log$=nucltop&blast_rank=4&RID=4BKH42YG013"",""CP035377.1"")"
"Uncultured bacterium gene for 16S rRNA, partial sequence",uncultured bacterium,124,3399,34%,9e-23,86.67,1098,"=HYPERLINK(""https://www.ncbi.nlm.nih.gov/nucleotide/LC261909.1?report=genbank&log$=nucltop&blast_rank=5&RID=4BKH42YG013"",""LC261909.1"")"
"Serratia sp. KCB 9 16S ribosomal RNA gene, partial sequence",Serratia sp. KCB 9,121,861,9%,1e-21,87.18,525,"=HYPERLINK(""https://www.ncbi.nlm.nih.gov/nucleotide/JN834036.1?report=genbank&log$=nucltop&blast_rank=6&RID=4BKH42YG013"",""JN834036.1"")"
"Serratia marcescens strain MDFPXXVIIR320C 16S ribosomal RNA gene, partial sequence",Serratia marcescens,113,2897,48%,2e-19,88.89,1022,"=HYPERLINK(""https://www.ncbi.nlm.nih.gov/nucleotide/KJ535389.1?report=genbank&log$=nucltop&blast_rank=7&RID=4BKH42YG013"",""KJ535389.1"")"
"Uncultured bacterium clone A111_NCI 16S ribosomal RNA gene, complete sequence",uncultured bacterium,113,1814,36%,2e-19,85.58,1506,"=HYPERLINK(""https://www.ncbi.nlm.nih.gov/nucleotide/FJ456786.1?report=genbank&log$=nucltop&blast_rank=8&RID=4BKH42YG013"",""FJ456786.1"")"
"Nostoc sp. Nos17 16S ribosomal RNA gene, partial sequence",Nostoc sp. Nos17,113,404,8%,2e-19,87.50,426,"=HYPERLINK(""https://www.ncbi.nlm.nih.gov/nucleotide/AY043365.1?report=genbank&log$=nucltop&blast_rank=9&RID=4BKH42YG013"",""AY043365.1"")"
Unidentified bacterium DNA for 16S ribosomal RNA,uncultured bacterium,108,501,11%,9e-18,86.00,1370,"=HYPERLINK(""https://www.ncbi.nlm.nih.gov/nucleotide/Z93991.1?report=genbank&log$=nucltop&blast_rank=10&RID=4BKH42YG013"",""Z93991.1"")"
"Arsenophonus endosymbiont of Bemisia tabaci partial 16S rRNA gene, clone 39_3_7",Arsenophonus endosymbiont of Bemisia tabaci,106,106,2%,3e-17,96.88,509,"=HYPERLINK(""https://www.ncbi.nlm.nih.gov/nucleotide/LN830111.1?report=genbank&log$=nucltop&blast_rank=11&RID=4BKH42YG013"",""LN830111.1"")"
"Klebsiella quasipneumoniae subsp. quasipneumoniae KAM622 DNA, complete genome",Klebsiella quasipneumoniae subsp. quasipneumoniae,106,4374,25%,3e-17,89.89,5300255,"=HYPERLINK(""https://www.ncbi.nlm.nih.gov/nucleotide/AP026392.1?report=genbank&log$=nucltop&blast_rank=12&RID=4BKH42YG013"",""AP026392.1"")"
"Uncultured bacterium clone G7DUZBG01AI0JZ 16S ribosomal RNA gene, partial sequence",uncultured bacterium,106,1203,24%,3e-17,98.33,481,"=HYPERLINK(""https://www.ncbi.nlm.nih.gov/nucleotide/KF327990.1?report=genbank&log$=nucltop&blast_rank=13&RID=4BKH42YG013"",""KF327990.1"")"
"Uncultured bacterium clone FS2_LO_237 16S ribosomal RNA gene, partial sequence",uncultured bacterium,104,2971,54%,1e-16,100.00,800,"=HYPERLINK(""https://www.ncbi.nlm.nih.gov/nucleotide/KC805318.1?report=genbank&log$=nucltop&blast_rank=14&RID=4BKH42YG013"",""KC805318.1"")"
"Uncultured bacterium gene for 16S ribosomal RNA, partial sequence, isolate: DGGE band B22-1",uncultured bacterium,104,362,7%,1e-16,95.38,148,"=HYPERLINK(""https://www.ncbi.nlm.nih.gov/nucleotide/AB872192.1?report=genbank&log$=nucltop&blast_rank=15&RID=4BKH42YG013"",""AB872192.1"")"
"Marine bacterium HC-17 16S ribosomal RNA gene, partial sequence",marine bacterium HC-17,104,2185,39%,1e-16,98.31,940,"=HYPERLINK(""https://www.ncbi.nlm.nih.gov/nucleotide/HM100797.1?report=genbank&log$=nucltop&blast_rank=16&RID=4BKH42YG013"",""HM100797.1"")"
"Vibrio sp. SO7 16S ribosomal RNA gene, partial sequence",Vibrio sp. SO7,104,1841,35%,1e-16,96.83,1068,"=HYPERLINK(""https://www.ncbi.nlm.nih.gov/nucleotide/FJ952639.1?report=genbank&log$=nucltop&blast_rank=17&RID=4BKH42YG013"",""FJ952639.1"")"
"Pantoea stewartii strain ZJ-FGZX1 chromosome, complete genome",Pantoea stewartii,102,9587,32%,4e-16,94.03,4550072,"=HYPERLINK(""https://www.ncbi.nlm.nih.gov/nucleotide/CP049115.1?report=genbank&log$=nucltop&blast_rank=18&RID=4BKH42YG013"",""CP049115.1"")"
"Citrobacter rodentium strain DBS100 chromosome, complete genome",Citrobacter rodentium,102,14306,36%,4e-16,100.00,5346827,"=HYPERLINK(""https://www.ncbi.nlm.nih.gov/nucleotide/CP038008.1?report=genbank&log$=nucltop&blast_rank=19&RID=4BKH42YG013"",""CP038008.1"")"
"Uncultured bacterium clone Otu02720 16S ribosomal RNA gene, partial sequence",uncultured bacterium,102,1119,20%,4e-16,98.31,465,"=HYPERLINK(""https://www.ncbi.nlm.nih.gov/nucleotide/KX992879.1?report=genbank&log$=nucltop&blast_rank=20&RID=4BKH42YG013"",""KX992879.1"")"
"Uncultured bacterium clone I3Q1XXJ01AVA5Q 16S ribosomal RNA gene, partial sequence",uncultured bacterium,102,1171,23%,4e-16,93.06,478,"=HYPERLINK(""https://www.ncbi.nlm.nih.gov/nucleotide/KP951187.1?report=genbank&log$=nucltop&blast_rank=21&RID=4BKH42YG013"",""KP951187.1"")"
"Erwinia tracheiphila strain BuffGH chromosome, complete genome",Erwinia tracheiphila,102,9604,28%,4e-16,100.00,4938018,"=HYPERLINK(""https://www.ncbi.nlm.nih.gov/nucleotide/CP089940.1?report=genbank&log$=nucltop&blast_rank=22&RID=4BKH42YG013"",""CP089940.1"")"
"Uncultured Enterobacteriaceae bacterium clone OTU2221 16S ribosomal RNA gene, partial sequence",uncultured Enterobacteriaceae bacterium,102,656,12%,4e-16,98.31,303,"=HYPERLINK(""https://www.ncbi.nlm.nih.gov/nucleotide/KM060934.1?report=genbank&log$=nucltop&blast_rank=23&RID=4BKH42YG013"",""KM060934.1"")"
"Citrobacter rodentium NBRC 105723 = DSM 16636 chromosome, complete genome",Citrobacter rodentium NBRC 105723 = DSM 16636,102,14306,36%,4e-16,100.00,5341875,"=HYPERLINK(""https://www.ncbi.nlm.nih.gov/nucleotide/CP082833.1?report=genbank&log$=nucltop&blast_rank=24&RID=4BKH42YG013"",""CP082833.1"")"
"Uncultured bacterium clone G250WV301AUHNG 16S ribosomal RNA gene, partial sequence",uncultured bacterium,102,1199,23%,4e-16,95.38,453,"=HYPERLINK(""https://www.ncbi.nlm.nih.gov/nucleotide/KF326823.1?report=genbank&log$=nucltop&blast_rank=25&RID=4BKH42YG013"",""KF326823.1"")"
"Uncultured bacterium clone RS2019OTU68 16S ribosomal RNA gene, partial sequence",uncultured bacterium,102,1923,33%,4e-16,100.00,640,"=HYPERLINK(""https://www.ncbi.nlm.nih.gov/nucleotide/OK210145.1?report=genbank&log$=nucltop&blast_rank=26&RID=4BKH42YG013"",""OK210145.1"")"
"Uncultured bacterium clone GXTJ5A301AFJ87 16S ribosomal RNA gene, partial sequence",uncultured bacterium,102,287,5%,4e-16,95.38,472,"=HYPERLINK(""https://www.ncbi.nlm.nih.gov/nucleotide/JX936922.1?report=genbank&log$=nucltop&blast_rank=27&RID=4BKH42YG013"",""JX936922.1"")"
"Uncultured bacterium clone G7DUZBG01BHYJ5 16S ribosomal RNA gene, partial sequence",uncultured bacterium,102,287,5%,4e-16,95.38,460,"=HYPERLINK(""https://www.ncbi.nlm.nih.gov/nucleotide/JX923462.1?report=genbank&log$=nucltop&blast_rank=28&RID=4BKH42YG013"",""JX923462.1"")"
"Uncultured bacterium clone G7DUZBG01A848G 16S ribosomal RNA gene, partial sequence",uncultured bacterium,102,287,5%,4e-16,95.38,458,"=HYPERLINK(""https://www.ncbi.nlm.nih.gov/nucleotide/JX922963.1?report=genbank&log$=nucltop&blast_rank=29&RID=4BKH42YG013"",""JX922963.1"")"
"Uncultured bacterium clone G7DUZBG01A6LVW 16S ribosomal RNA gene, partial sequence",uncultured bacterium,102,287,5%,4e-16,95.38,457,"=HYPERLINK(""https://www.ncbi.nlm.nih.gov/nucleotide/JX922396.1?report=genbank&log$=nucltop&blast_rank=30&RID=4BKH42YG013"",""JX922396.1"")"
"Uncultured bacterium clone GXTJ5A301AS3TR 16S ribosomal RNA gene, partial sequence",uncultured bacterium,102,287,5%,4e-16,95.38,473,"=HYPERLINK(""https://www.ncbi.nlm.nih.gov/nucleotide/JX919341.1?report=genbank&log$=nucltop&blast_rank=31&RID=4BKH42YG013"",""JX919341.1"")"
"Uncultured bacterium clone GXTJ5A301BIZYC 16S ribosomal RNA gene, partial sequence",uncultured bacterium,102,287,5%,4e-16,95.38,480,"=HYPERLINK(""https://www.ncbi.nlm.nih.gov/nucleotide/JX918994.1?report=genbank&log$=nucltop&blast_rank=32&RID=4BKH42YG013"",""JX918994.1"")"
"Uncultured bacterium clone GXTJ5A301BYR92 16S ribosomal RNA gene, partial sequence",uncultured bacterium,102,287,5%,4e-16,95.38,472,"=HYPERLINK(""https://www.ncbi.nlm.nih.gov/nucleotide/JX918760.1?report=genbank&log$=nucltop&blast_rank=33&RID=4BKH42YG013"",""JX918760.1"")"
"Uncultured bacterium clone GXTJ5A301BU0Q8 16S ribosomal RNA gene, partial sequence",uncultured bacterium,102,287,5%,4e-16,95.38,461,"=HYPERLINK(""https://www.ncbi.nlm.nih.gov/nucleotide/JX918346.1?report=genbank&log$=nucltop&blast_rank=34&RID=4BKH42YG013"",""JX918346.1"")"
"Uncultured bacterium clone GXTJ5A301BG8BM 16S ribosomal RNA gene, partial sequence",uncultured bacterium,102,287,5%,4e-16,95.38,474,"=HYPERLINK(""https://www.ncbi.nlm.nih.gov/nucleotide/JX917427.1?report=genbank&log$=nucltop&blast_rank=35&RID=4BKH42YG013"",""JX917427.1"")"
"Uncultured Acidobacteria bacterium clone XH99 16S ribosomal RNA gene, partial sequence",uncultured Acidobacteriota bacterium,102,563,11%,4e-16,98.31,1496,"=HYPERLINK(""https://www.ncbi.nlm.nih.gov/nucleotide/JQ861375.1?report=genbank&log$=nucltop&blast_rank=36&RID=4BKH42YG013"",""JQ861375.1"")"
"Uncultured Escherichia sp. isolate DGGE gel band zzq-9 16S ribosomal RNA gene, partial sequence",uncultured Escherichia sp.,102,642,12%,4e-16,95.31,173,"=HYPERLINK(""https://www.ncbi.nlm.nih.gov/nucleotide/JQ828856.1?report=genbank&log$=nucltop&blast_rank=37&RID=4BKH42YG013"",""JQ828856.1"")"
"Enterobacter cloacae subsp. dissolvens strain CGM-3 16S ribosomal RNA gene, partial sequence",Enterobacter cloacae subsp. dissolvens,102,2723,49%,4e-16,100.00,1359,"=HYPERLINK(""https://www.ncbi.nlm.nih.gov/nucleotide/JQ353807.1?report=genbank&log$=nucltop&blast_rank=38&RID=4BKH42YG013"",""JQ353807.1"")"
"Shigella flexneri strain M2901 chromosome, complete genome",Shigella flexneri,102,38758,95%,4e-16,94.03,4682307,"=HYPERLINK(""https://www.ncbi.nlm.nih.gov/nucleotide/CP058589.1?report=genbank&log$=nucltop&blast_rank=39&RID=4BKH42YG013"",""CP058589.1"")"
"Citrobacter rodentium ICC168, complete genome",Citrobacter rodentium ICC168,102,31864,79%,4e-16,100.00,5346659,"=HYPERLINK(""https://www.ncbi.nlm.nih.gov/nucleotide/FN543502.1?report=genbank&log$=nucltop&blast_rank=40&RID=4BKH42YG013"",""FN543502.1"")"
"Uncultured bacterium clone infected_7days-H5 16S ribosomal RNA gene, partial sequence",uncultured bacterium,102,3127,55%,4e-16,100.00,1508,"=HYPERLINK(""https://www.ncbi.nlm.nih.gov/nucleotide/EF406701.1?report=genbank&log$=nucltop&blast_rank=41&RID=4BKH42YG013"",""EF406701.1"")"
"Uncultured bacterium clone infected_7days-F8 16S ribosomal RNA gene, partial sequence",uncultured bacterium,102,3147,55%,4e-16,100.00,1509,"=HYPERLINK(""https://www.ncbi.nlm.nih.gov/nucleotide/EF406681.1?report=genbank&log$=nucltop&blast_rank=42&RID=4BKH42YG013"",""EF406681.1"")"
"Uncultured bacterium clone infected_7days-D3 16S ribosomal RNA gene, partial sequence",uncultured bacterium,102,3099,55%,4e-16,100.00,1509,"=HYPERLINK(""https://www.ncbi.nlm.nih.gov/nucleotide/EF406654.1?report=genbank&log$=nucltop&blast_rank=43&RID=4BKH42YG013"",""EF406654.1"")"
"Uncultured Termite group 1 bacterium clone Cs-21 16S ribosomal RNA gene, partial sequence",uncultured Termite group 1 bacterium,102,256,5%,4e-16,92.96,1015,"=HYPERLINK(""https://www.ncbi.nlm.nih.gov/nucleotide/AY679223.1?report=genbank&log$=nucltop&blast_rank=44&RID=4BKH42YG013"",""AY679223.1"")"
"Escherichia coli gene for 16S rRNA, partial sequence, strain:MPEC EX-33",Escherichia coli,102,3131,55%,4e-16,100.00,1534,"=HYPERLINK(""https://www.ncbi.nlm.nih.gov/nucleotide/AB045730.1?report=genbank&log$=nucltop&blast_rank=45&RID=4BKH42YG013"",""AB045730.1"")"
"Enterobacter cloacae strain CH01 16S ribosomal RNA gene, partial sequence",Enterobacter cloacae,100,854,15%,1e-15,95.24,1257,"=HYPERLINK(""https://www.ncbi.nlm.nih.gov/nucleotide/MT338545.1?report=genbank&log$=nucltop&blast_rank=46&RID=4BKH42YG013"",""MT338545.1"")"
"Uncultured bacterium clone c1870 16S ribosomal RNA gene, partial sequence",uncultured bacterium,100,192,3%,1e-15,98.28,462,"=HYPERLINK(""https://www.ncbi.nlm.nih.gov/nucleotide/MN786019.1?report=genbank&log$=nucltop&blast_rank=47&RID=4BKH42YG013"",""MN786019.1"")"
uncultured bacterium partial 16S rRNA gene,uncultured bacterium,100,192,3%,1e-15,98.28,1476,"=HYPERLINK(""https://www.ncbi.nlm.nih.gov/nucleotide/LR649210.1?report=genbank&log$=nucltop&blast_rank=48&RID=4BKH42YG013"",""LR649210.1"")"
"Bacteriovorax sp. HI3 gene for 16S ribosomal RNA, partial sequence",Bacteriovorax sp.,100,192,3%,1e-15,98.28,1269,"=HYPERLINK(""https://www.ncbi.nlm.nih.gov/nucleotide/LC505636.1?report=genbank&log$=nucltop&blast_rank=49&RID=4BKH42YG013"",""LC505636.1"")"
"Escherichia coli strain 388755_gen chromosome, complete genome",Escherichia coli,100,16723,54%,1e-15,96.67,5478947,"=HYPERLINK(""https://www.ncbi.nlm.nih.gov/nucleotide/CP043011.1?report=genbank&log$=nucltop&blast_rank=50&RID=4BKH42YG013"",""CP043011.1"")"
"Bacteriovorax stolpii strain AC01 chromosome, complete genome",Bacteriovorax stolpii,100,201,1%,1e-15,98.28,3880871,"=HYPERLINK(""https://www.ncbi.nlm.nih.gov/nucleotide/CP030035.1?report=genbank&log$=nucltop&blast_rank=51&RID=4BKH42YG013"",""CP030035.1"")"
"Escherichia coli strain 382634_2f chromosome, complete genome",Escherichia coli,100,20016,52%,1e-15,96.67,4702395,"=HYPERLINK(""https://www.ncbi.nlm.nih.gov/nucleotide/CP039403.1?report=genbank&log$=nucltop&blast_rank=52&RID=4BKH42YG013"",""CP039403.1"")"
"Uncultured Vibrio sp. clone ANa2 16S ribosomal RNA gene, partial sequence",uncultured Vibrio sp.,100,194,3%,1e-15,95.31,577,"=HYPERLINK(""https://www.ncbi.nlm.nih.gov/nucleotide/MK685060.1?report=genbank&log$=nucltop&blast_rank=53&RID=4BKH42YG013"",""MK685060.1"")"
"Enterobacter sp. strain F3 16S ribosomal RNA gene, partial sequence",Enterobacter sp.,100,668,12%,1e-15,95.31,1325,"=HYPERLINK(""https://www.ncbi.nlm.nih.gov/nucleotide/MK559548.1?report=genbank&log$=nucltop&blast_rank=54&RID=4BKH42YG013"",""MK559548.1"")"
"Salmonella enterica subsp. arizonae strain NCTC7306 genome assembly, chromosome: 1",Salmonella enterica subsp. arizonae,100,10551,29%,1e-15,95.24,4642281,"=HYPERLINK(""https://www.ncbi.nlm.nih.gov/nucleotide/LR134150.1?report=genbank&log$=nucltop&blast_rank=55&RID=4BKH42YG013"",""LR134150.1"")"
"Escherichia coli GM2 gene for 16S ribosomal RNA, partial sequence",Escherichia coli,100,1510,27%,1e-15,91.89,1269,"=HYPERLINK(""https://www.ncbi.nlm.nih.gov/nucleotide/LC431220.1?report=genbank&log$=nucltop&blast_rank=56&RID=4BKH42YG013"",""LC431220.1"")"
"Franconibacter pulveris strain AK47 16S ribosomal RNA gene, partial sequence",Franconibacter pulveris,100,194,3%,1e-15,95.31,885,"=HYPERLINK(""https://www.ncbi.nlm.nih.gov/nucleotide/MK097366.1?report=genbank&log$=nucltop&blast_rank=57&RID=4BKH42YG013"",""MK097366.1"")"
"Klebsiella pneumoniae strain R46 chromosome, complete genome",Klebsiella pneumoniae,100,9978,23%,1e-15,100.00,5117042,"=HYPERLINK(""https://www.ncbi.nlm.nih.gov/nucleotide/CP035777.1?report=genbank&log$=nucltop&blast_rank=58&RID=4BKH42YG013"",""CP035777.1"")"
"Vibrio aquaticus strain BEI207 16S ribosomal RNA gene, partial sequence",Vibrio aquaticus,100,289,5%,1e-15,95.31,1542,"=HYPERLINK(""https://www.ncbi.nlm.nih.gov/nucleotide/MG754467.1?report=genbank&log$=nucltop&blast_rank=59&RID=4BKH42YG013"",""MG754467.1"")"
"Xenorhabdus budapestensis strain SN18 16S ribosomal RNA gene, partial sequence",Xenorhabdus budapestensis,100,569,10%,1e-15,95.31,1401,"=HYPERLINK(""https://www.ncbi.nlm.nih.gov/nucleotide/MH595981.1?report=genbank&log$=nucltop&blast_rank=60&RID=4BKH42YG013"",""MH595981.1"")"
"Klebsiella aerogenes strain pm21 16S ribosomal RNA gene, partial sequence",Klebsiella aerogenes,100,569,10%,1e-15,98.25,1180,"=HYPERLINK(""https://www.ncbi.nlm.nih.gov/nucleotide/MH595964.1?report=genbank&log$=nucltop&blast_rank=61&RID=4BKH42YG013"",""MH595964.1"")"
"Uncultured Enterobacteriaceae bacterium clone DJ5 16S ribosomal RNA gene, partial sequence",uncultured Enterobacteriaceae bacterium,100,194,3%,1e-15,93.94,167,"=HYPERLINK(""https://www.ncbi.nlm.nih.gov/nucleotide/MH236253.1?report=genbank&log$=nucltop&blast_rank=62&RID=4BKH42YG013"",""MH236253.1"")"
"Uncultured bacterium clone OTU440 16S ribosomal RNA gene, partial sequence",uncultured bacterium,100,663,11%,1e-15,95.31,421,"=HYPERLINK(""https://www.ncbi.nlm.nih.gov/nucleotide/MH226215.1?report=genbank&log$=nucltop&blast_rank=63&RID=4BKH42YG013"",""MH226215.1"")"
"Uncultured bacterium clone YT_K29 16S ribosomal RNA gene, partial sequence",uncultured bacterium,100,100,1%,1e-15,98.28,805,"=HYPERLINK(""https://www.ncbi.nlm.nih.gov/nucleotide/MH057145.1?report=genbank&log$=nucltop&blast_rank=64&RID=4BKH42YG013"",""MH057145.1"")"
"Klebsiella sp. strain 28P 16S ribosomal RNA gene, partial sequence",Klebsiella sp.,100,1498,26%,1e-15,95.24,1343,"=HYPERLINK(""https://www.ncbi.nlm.nih.gov/nucleotide/MG904940.1?report=genbank&log$=nucltop&blast_rank=65&RID=4BKH42YG013"",""MG904940.1"")"
"Bacteriovorax stolpii strain DSM 12778 chromosome, complete genome",Bacteriovorax stolpii,100,293,3%,1e-15,98.28,3810309,"=HYPERLINK(""https://www.ncbi.nlm.nih.gov/nucleotide/CP025704.1?report=genbank&log$=nucltop&blast_rank=66&RID=4BKH42YG013"",""CP025704.1"")"
"Uncultured bacterium 33ME07009 gene for 16S rRNA, partial sequence",uncultured bacterium,100,654,12%,1e-15,95.31,549,"=HYPERLINK(""https://www.ncbi.nlm.nih.gov/nucleotide/LC357208.1?report=genbank&log$=nucltop&blast_rank=67&RID=4BKH42YG013"",""LC357208.1"")"
"Xenorhabdus budapestensis strain XBD14 16S ribosomal RNA gene, partial sequence",Xenorhabdus budapestensis,100,569,10%,1e-15,95.31,1408,"=HYPERLINK(""https://www.ncbi.nlm.nih.gov/nucleotide/OP897727.1?report=genbank&log$=nucltop&blast_rank=68&RID=4BKH42YG013"",""OP897727.1"")"
"Bifidobacterium bifidum strain H5 16S ribosomal RNA gene, partial sequence",Bifidobacterium bifidum,100,100,1%,1e-15,98.28,895,"=HYPERLINK(""https://www.ncbi.nlm.nih.gov/nucleotide/OQ383634.1?report=genbank&log$=nucltop&blast_rank=69&RID=4BKH42YG013"",""OQ383634.1"")"
"Enterobacter sp. strain MBWS3.(20) 16S ribosomal RNA gene, partial sequence",Enterobacter sp.,100,569,10%,1e-15,95.24,1201,"=HYPERLINK(""https://www.ncbi.nlm.nih.gov/nucleotide/OP990134.1?report=genbank&log$=nucltop&blast_rank=70&RID=4BKH42YG013"",""OP990134.1"")"
"Vibrio aquaticus strain BEI207 16S ribosomal RNA, partial sequence",Vibrio aquaticus,100,289,5%,1e-15,95.31,1529,"=HYPERLINK(""https://www.ncbi.nlm.nih.gov/nucleotide/NR_179909.1?report=genbank&log$=nucltop&blast_rank=71&RID=4BKH42YG013"",""NR_179909.1"")"
"Pantoea sp. strain LMR1086 16S ribosomal RNA gene, partial sequence",Pantoea sp.,100,194,3%,1e-15,95.24,1395,"=HYPERLINK(""https://www.ncbi.nlm.nih.gov/nucleotide/OP750297.1?report=genbank&log$=nucltop&blast_rank=72&RID=4BKH42YG013"",""OP750297.1"")"
"Escherichia coli strain L070717_culturedfromsoil_NW_16 16S ribosomal RNA gene, partial sequence",Escherichia coli,100,661,12%,1e-15,96.67,319,"=HYPERLINK(""https://www.ncbi.nlm.nih.gov/nucleotide/MT993394.1?report=genbank&log$=nucltop&blast_rank=73&RID=4BKH42YG013"",""MT993394.1"")"
"Bacteriovorax sp. HI3 DNA, complete genome",Bacteriovorax sp. HI3,100,201,1%,1e-15,98.28,3858964,"=HYPERLINK(""https://www.ncbi.nlm.nih.gov/nucleotide/AP026946.1?report=genbank&log$=nucltop&blast_rank=74&RID=4BKH42YG013"",""AP026946.1"")"
"Pantoea sp. strain RI_138 16S ribosomal RNA gene, partial sequence",Pantoea sp.,100,850,15%,1e-15,95.31,1203,"=HYPERLINK(""https://www.ncbi.nlm.nih.gov/nucleotide/OP435528.1?report=genbank&log$=nucltop&blast_rank=75&RID=4BKH42YG013"",""OP435528.1"")"
"Escherichia coli strain PNUSAE014970 chromosome, complete genome",Escherichia coli,100,8041,52%,1e-15,96.67,5432141,"=HYPERLINK(""https://www.ncbi.nlm.nih.gov/nucleotide/CP104639.1?report=genbank&log$=nucltop&blast_rank=76&RID=4BKH42YG013"",""CP104639.1"")"
"Escherichia coli strain 03P8R3D1E1 16S ribosomal RNA gene, partial sequence",Escherichia coli,100,1227,22%,1e-15,95.24,1301,"=HYPERLINK(""https://www.ncbi.nlm.nih.gov/nucleotide/ON054391.1?report=genbank&log$=nucltop&blast_rank=77&RID=4BKH42YG013"",""ON054391.1"")"
"Escherichia coli strain 04P4R2D1E1 16S ribosomal RNA gene, partial sequence",Escherichia coli,100,1323,24%,1e-15,95.24,1382,"=HYPERLINK(""https://www.ncbi.nlm.nih.gov/nucleotide/ON054376.1?report=genbank&log$=nucltop&blast_rank=78&RID=4BKH42YG013"",""ON054376.1"")"
"Escherichia coli strain 02P3R2D1E4 16S ribosomal RNA gene, partial sequence",Escherichia coli,100,1227,22%,1e-15,95.24,1276,"=HYPERLINK(""https://www.ncbi.nlm.nih.gov/nucleotide/ON054369.1?report=genbank&log$=nucltop&blast_rank=79&RID=4BKH42YG013"",""ON054369.1"")"
"Escherichia coli strain 01P1R2D1E1 16S ribosomal RNA gene, partial sequence",Escherichia coli,100,1134,20%,1e-15,95.24,1313,"=HYPERLINK(""https://www.ncbi.nlm.nih.gov/nucleotide/ON054350.1?report=genbank&log$=nucltop&blast_rank=80&RID=4BKH42YG013"",""ON054350.1"")"
"Vibrio fluvialis strain MMRF1520 16S ribosomal RNA gene, partial sequence",Vibrio fluvialis,100,1532,29%,1e-15,95.24,713,"=HYPERLINK(""https://www.ncbi.nlm.nih.gov/nucleotide/OL455982.1?report=genbank&log$=nucltop&blast_rank=81&RID=4BKH42YG013"",""OL455982.1"")"
"Avibacterium paragallinarum strain M chromosome, complete genome",Avibacterium paragallinarum,100,9387,33%,1e-15,96.67,2772682,"=HYPERLINK(""https://www.ncbi.nlm.nih.gov/nucleotide/CP086713.1?report=genbank&log$=nucltop&blast_rank=82&RID=4BKH42YG013"",""CP086713.1"")"
"Uncultured bacterium clone CS2018OTU71 16S ribosomal RNA gene, partial sequence",uncultured bacterium,100,2040,37%,1e-15,95.24,640,"=HYPERLINK(""https://www.ncbi.nlm.nih.gov/nucleotide/OK210142.1?report=genbank&log$=nucltop&blast_rank=83&RID=4BKH42YG013"",""OK210142.1"")"
"Xenorhabdus budapestensis strain BT5 16S ribosomal RNA gene, partial sequence",Xenorhabdus budapestensis,100,1838,34%,1e-15,95.31,1376,"=HYPERLINK(""https://www.ncbi.nlm.nih.gov/nucleotide/MT781464.1?report=genbank&log$=nucltop&blast_rank=84&RID=4BKH42YG013"",""MT781464.1"")"
"Morganella morganii strain FAM24685 chromosome, complete genome",Morganella morganii,100,7179,26%,1e-15,96.67,4209479,"=HYPERLINK(""https://www.ncbi.nlm.nih.gov/nucleotide/CP066127.1?report=genbank&log$=nucltop&blast_rank=85&RID=4BKH42YG013"",""CP066127.1"")"
"Morganella morganii strain FAM24679 chromosome, complete genome",Morganella morganii,100,9312,30%,1e-15,96.67,4135673,"=HYPERLINK(""https://www.ncbi.nlm.nih.gov/nucleotide/CP066129.1?report=genbank&log$=nucltop&blast_rank=86&RID=4BKH42YG013"",""CP066129.1"")"
"Morganella morganii strain FAM24676 chromosome, complete genome",Morganella morganii,100,8214,26%,1e-15,96.67,4097492,"=HYPERLINK(""https://www.ncbi.nlm.nih.gov/nucleotide/CP066132.1?report=genbank&log$=nucltop&blast_rank=87&RID=4BKH42YG013"",""CP066132.1"")"
"Morganella morganii strain DSM 30164 chromosome, complete genome",Morganella morganii,100,9764,26%,1e-15,96.67,3814728,"=HYPERLINK(""https://www.ncbi.nlm.nih.gov/nucleotide/CP069157.1?report=genbank&log$=nucltop&blast_rank=88&RID=4BKH42YG013"",""CP069157.1"")"
"Uncultured bacterium clone BSR_A07 16S ribosomal RNA gene, partial sequence",uncultured bacterium,100,192,3%,1e-15,95.31,1078,"=HYPERLINK(""https://www.ncbi.nlm.nih.gov/nucleotide/MW375619.1?report=genbank&log$=nucltop&blast_rank=89&RID=4BKH42YG013"",""MW375619.1"")"
"Xenorhabdus budapestensis strain C-7-2 chromosome, complete genome",Xenorhabdus budapestensis,100,6239,20%,1e-15,95.31,4366413,"=HYPERLINK(""https://www.ncbi.nlm.nih.gov/nucleotide/CP072455.1?report=genbank&log$=nucltop&blast_rank=90&RID=4BKH42YG013"",""CP072455.1"")"
Escherichia coli strain RH-048-WU chromosome,Escherichia coli,100,7226,95%,1e-15,100.00,5762553,"=HYPERLINK(""https://www.ncbi.nlm.nih.gov/nucleotide/CP050207.1?report=genbank&log$=nucltop&blast_rank=91&RID=4BKH42YG013"",""CP050207.1"")"
"Uncultured Enterobacterales bacterium clone OTU264 16S ribosomal RNA gene, partial sequence",uncultured Enterobacterales bacterium,100,3414,60%,1e-15,95.31,1382,"=HYPERLINK(""https://www.ncbi.nlm.nih.gov/nucleotide/MT858031.1?report=genbank&log$=nucltop&blast_rank=92&RID=4BKH42YG013"",""MT858031.1"")"
"Enterobacter cowanii isolate 18 16S ribosomal RNA gene, partial sequence",Kosakonia cowanii,100,1688,31%,1e-15,95.24,450,"=HYPERLINK(""https://www.ncbi.nlm.nih.gov/nucleotide/AY659868.1?report=genbank&log$=nucltop&blast_rank=93&RID=4BKH42YG013"",""AY659868.1"")"
"Escherichia coli O6:K2:H1 strain C 691-04A chromosome, complete genome",Escherichia coli O6:K2:H1,97.1,9540,54%,2e-14,100.00,5176167,"=HYPERLINK(""https://www.ncbi.nlm.nih.gov/nucleotide/CP109929.1?report=genbank&log$=nucltop&blast_rank=94&RID=4BKH42YG013"",""CP109929.1"")"
Klebsiella pneumoniae strain S-P-N-054.01 chromosome,Klebsiella pneumoniae,97.1,4590,23%,2e-14,95.00,5770326,"=HYPERLINK(""https://www.ncbi.nlm.nih.gov/nucleotide/CP092840.1?report=genbank&log$=nucltop&blast_rank=95&RID=4BKH42YG013"",""CP092840.1"")"
Escherichia coli strain S-P-C-018.01 chromosome,Escherichia coli,97.1,5125,39%,2e-14,100.00,4607099,"=HYPERLINK(""https://www.ncbi.nlm.nih.gov/nucleotide/CP092818.1?report=genbank&log$=nucltop&blast_rank=96&RID=4BKH42YG013"",""CP092818.1"")"
Escherichia coli strain S-P-C-023.01 chromosome,Escherichia coli,97.1,4442,36%,2e-14,100.00,4660212,"=HYPERLINK(""https://www.ncbi.nlm.nih.gov/nucleotide/CP092817.1?report=genbank&log$=nucltop&blast_rank=97&RID=4BKH42YG013"",""CP092817.1"")"
Escherichia coli strain S-P-C-026.01 chromosome,Escherichia coli,97.1,4748,39%,2e-14,100.00,4712714,"=HYPERLINK(""https://www.ncbi.nlm.nih.gov/nucleotide/CP092816.1?report=genbank&log$=nucltop&blast_rank=98&RID=4BKH42YG013"",""CP092816.1"")"
Escherichia coli strain S-P-N-029.01 chromosome,Escherichia coli,97.1,2246,26%,2e-14,95.00,4735784,"=HYPERLINK(""https://www.ncbi.nlm.nih.gov/nucleotide/CP092814.1?report=genbank&log$=nucltop&blast_rank=99&RID=4BKH42YG013"",""CP092814.1"")"
Klebsiella pneumoniae strain S-P-N-043.01 chromosome,Klebsiella pneumoniae,97.1,5546,21%,2e-14,100.00,5674093,"=HYPERLINK(""https://www.ncbi.nlm.nih.gov/nucleotide/CP092697.1?report=genbank&log$=nucltop&blast_rank=100&RID=4BKH42YG013"",""CP092697.1"")"



		


